,IP,unemp,CRB Pcomm,CPI,EBP,2y Treas,MPS,MPS_ORTH,NFP_surp,DNFP_12m,SP500_3m,Slope_3m,Pcomm_3m,Tr_skew
1973-01-01,45.2942,4.9,491.339,42.7,0.0123638303244215,6.279,,,,,,,,
1973-02-01,45.9656,5.0,498.4291,43.0,-0.020824189537568,6.597,,,,,,,,
1973-03-01,45.9872,4.9,500.2603,43.4,-0.107897054913113,6.8679,,,,,,,,
1973-04-01,45.9237,5.0,503.5653,43.7,-0.164799313606441,6.7019,,,,,,,,
1973-05-01,46.2192,4.9,511.3793,43.9,-0.0566075899217934,6.82,,,,,,,,
1973-06-01,46.2509,4.9,514.6913,44.2,0.0525645437198751,7.0981,,,,,,,,
1973-07-01,46.4421,4.8,527.3512,44.2,-0.326719540586999,8.0664,,,,,,,,
1973-08-01,46.3648,4.8,530.8268,45.0,-0.161981344323661,7.6208,,,,,,,,
1973-09-01,46.7803,4.8,527.3,45.2,-0.330305633233006,6.8676,,,,,,,,
1973-10-01,47.0954,4.6,523.3779,45.6,0.162129099984299,6.751,,,,,,,,
1973-11-01,47.3445,4.8,525.8016,45.9,0.0836017768506072,6.8125,,,,,,,,
1973-12-01,47.2315,4.9,532.7876,46.3,0.0370517074257115,6.7885,,,,,,,,
1974-01-01,46.8994,5.1,538.2199,46.8,-0.00624619414272942,6.7347,,,,,,,,
1974-02-01,46.7538,5.2,547.7718,47.3,0.182480411661342,6.815,,,,,,,,
1974-03-01,46.7685,5.1,545.1038,47.8,-0.0795513806508134,7.7276,,,,,,,,
1974-04-01,46.6069,5.1,543.5467,48.1,0.0799923140021072,8.3138,,,,,,,,
1974-05-01,46.9743,5.1,537.9436,48.6,0.0829768664506283,8.0729,,,,,,,,
1974-06-01,46.9233,5.4,542.4509,49.0,0.661034007152555,8.3018,,,,,,,,
1974-07-01,46.9464,5.5,552.1061,49.3,1.16544782361925,8.5251,,,,,,,,
1974-08-01,46.4907,5.5,546.5102,49.9,0.819725220984258,8.7922,,,,,,,,
1974-09-01,46.5136,5.9,543.6339,50.6,0.877190317483494,7.9713,,,,,,,,
1974-10-01,46.3401,6.0,543.1974,51.0,1.00167063889748,7.7712,,,,,,,,
1974-11-01,44.8209,6.6,540.8516,51.5,0.999015282278317,7.4012,,,,,,,,
1974-12-01,43.234,7.2,533.7057,51.9,1.15552198426763,7.1538,,,,,,,,
1975-01-01,42.6409,8.1,531.3206,52.3,0.39357112442133,6.67,,,,,,,,
1975-02-01,41.6602,8.1,529.3305,52.6,0.404791285094397,6.2788,,,,,,,,
1975-03-01,41.2135,8.6,530.2309,52.8,0.576219669494072,6.7571,,,,,,,,
1975-04-01,41.246,8.8,529.2802,53.0,0.203644356523053,7.412,,,,,,,,
1975-05-01,41.1515,9.0,526.0096,53.1,0.327163409966595,6.7811,,,,,,,,
1975-06-01,41.4224,8.8,524.6498,53.5,0.225499926042196,7.1349,,,,,,,,
1975-07-01,41.8234,8.6,530.4796,54.0,0.349103908697471,7.5714,,,,,,,,
1975-08-01,42.2573,8.4,533.9459,54.2,0.102275587427787,7.6802,,,,,,,,
1975-09-01,42.7796,8.4,532.6905,54.6,0.274244056822143,7.9481,,,,,,,,
1975-10-01,42.9687,8.4,528.4725,54.9,0.0840159338060859,6.9265,,,,,,,,
1975-11-01,43.0614,8.3,525.1226,55.3,0.155537268525311,7.1416,,,,,,,,
1975-12-01,43.5973,8.2,523.8036,55.6,-0.0605914936832938,6.6944,,,,,,,,
1976-01-01,44.2288,7.9,524.0158,55.8,-0.166043372485274,6.4029,,,,,,,,
1976-02-01,44.6725,7.7,526.6311,55.9,-0.0757540648022201,6.7378,,,,,,,,
1976-03-01,44.7125,7.6,528.4725,56.0,-0.120213142679339,6.6315,,,,,,,,
1976-04-01,44.9643,7.7,531.4191,56.1,-0.0627598323841971,6.582,,,,,,,,
1976-05-01,45.1741,7.4,531.1234,56.4,-0.127773961976914,7.2011,,,,,,,,
1976-06-01,45.183,7.6,535.1384,56.7,-0.052010522710043,6.883,,,,,,,,
1976-07-01,45.4535,7.8,536.0353,57.0,-0.091629585729173,6.669,,,,,,,,
1976-08-01,45.7737,7.8,532.2522,57.3,-0.150659361275783,6.4427,,,,,,,,
1976-09-01,45.9031,7.6,529.7317,57.6,-0.194156527273119,6.251,,,,,,,,
1976-10-01,45.9207,7.7,526.9403,57.9,-0.113968579183095,5.9922,,,,,,,,
1976-11-01,46.5978,7.8,528.4725,58.1,-0.350813941980839,5.3661,,,,,,,,
1976-12-01,47.0854,7.8,530.7773,58.4,-0.0313647353245416,5.3607,,,,,,,,
1977-01-01,46.8276,7.5,535.4698,58.7,-0.329882458268227,6.1686,,,,,,,,
1977-02-01,47.5417,7.6,535.8942,59.3,-0.206580068638255,6.094,,,,,,,,
1977-03-01,48.131,7.4,538.9985,59.6,-0.173396096185019,5.9937,,,,,,,,
1977-04-01,48.5838,7.2,539.771,60.0,-0.257226182414732,6.0494,,,,,,,,
1977-05-01,48.9891,7.0,537.2961,60.2,-0.255724423079523,6.1237,,,,,,,,
1977-06-01,49.3428,7.2,533.1268,60.5,-0.270987069290665,5.9819,,,,,,,,
1977-07-01,49.412,6.9,531.5666,60.8,-0.185129072406133,6.4129,,,,,,,,
1977-08-01,49.4259,7.0,530.2807,61.1,-0.176186997263053,6.4595,,,,,,,,
1977-09-01,49.6639,6.8,530.7773,61.3,-0.143547242960605,6.6948,,,,,,,,
1977-10-01,49.7592,6.8,530.7773,61.6,-0.134549682756455,7.0398,,,,,,,,
1977-11-01,49.8117,6.8,534.4246,62.0,-0.140423435845148,6.9434,,,,,,,,
1977-12-01,49.8949,6.4,536.2231,62.3,-0.3264907315686,7.1044,,,,,,,,
1978-01-01,49.2066,6.4,538.9528,62.7,-0.325808678010753,7.316,,,,,,,,
1978-02-01,49.4502,6.3,539.4082,63.0,-0.340004586894963,7.4052,,,,,,,,
1978-03-01,50.3928,6.3,542.9346,63.4,-0.341593828343766,7.5263,,,,,,,,
1978-04-01,51.4368,6.1,541.832,63.9,-0.290839456479241,7.6945,,,,,,,,
1978-05-01,51.6276,6.0,544.6737,64.5,-0.250117390796629,7.9794,,,,,,,,
1978-06-01,51.9833,5.9,543.8079,65.0,-0.458786099318524,8.3074,,,,,,,,
1978-07-01,51.9592,6.2,543.3722,65.5,-0.370372014819401,8.2574,,,,,,,,
1978-08-01,52.1543,5.9,547.8971,65.9,-0.375330651166467,8.2396,,,,,,,,
1978-09-01,52.286,6.0,549.7578,66.5,-0.314364875855581,8.4319,,,,,,,,
1978-10-01,52.7054,5.8,554.7129,67.1,-0.480816440278082,9.177,,,,,,,,
1978-11-01,53.1047,5.9,552.306,67.5,-0.244571710680402,9.2456,,,,,,,,
1978-12-01,53.3886,6.0,552.266,67.9,-0.381165643313502,9.7661,,,,,,,,
1979-01-01,53.0453,5.9,555.8757,68.5,-0.247078536799163,9.3233,,,,,,,,
1979-02-01,53.3303,5.9,560.175,69.2,-0.311160732576688,9.4846,,,,,,,,
1979-03-01,53.4973,5.8,562.6541,69.9,-0.172096213104514,9.3672,,,,,,,,
1979-04-01,52.8938,5.8,562.3656,70.6,-0.221470039385193,9.5032,,,,,,,,
1979-05-01,53.3187,5.6,562.6181,71.4,-0.250039976625674,9.171,,,,,,,,
1979-06-01,53.3157,5.7,563.9422,72.2,-0.17173303622666,8.6752,,,,,,,,
1979-07-01,53.2433,5.7,562.6901,73.0,-0.245846687045435,9.003,,,,,,,,
1979-08-01,52.8899,6.0,564.1198,73.7,-0.320394166720383,9.4881,,,,,,,,
1979-09-01,52.9486,5.9,563.2644,74.4,-0.132276300769346,9.796,,,,,,,,
1979-10-01,53.239,6.0,562.7981,75.2,-0.691798666462305,11.6522,,,,,,,,
1979-11-01,53.1918,5.9,564.58,76.0,-0.106828647690448,10.6389,,,,,,,,
1979-12-01,53.2603,6.0,566.1223,76.9,0.150915163368568,10.7371,,,,,,,,
1980-01-01,53.5037,6.3,566.296,78.0,-0.0311448475214384,11.1889,,,,,,,,
1980-02-01,53.5053,6.3,568.426,79.0,-0.388651659193306,13.9358,,,,,,,,
1980-03-01,53.3294,6.3,563.7643,80.1,0.308405861238143,13.978,,,,,,,,
1980-04-01,52.2336,6.9,560.1011,80.9,-0.450611796220909,10.2123,,,,,,,,
1980-05-01,50.9638,7.5,557.4053,81.7,-0.0349926782707372,8.9651,,,,,,,,
1980-06-01,50.3348,7.6,558.0107,82.5,-0.113094801663596,8.8705,,,,,,,,
1980-07-01,49.9462,7.8,564.1907,82.6,0.0590745411766961,9.5049,,,,,,,,
1980-08-01,50.1256,7.7,566.7118,83.2,-0.00224602194090084,11.2505,,,,,,,,
1980-09-01,50.9386,7.5,567.8465,83.9,-0.0330236850086133,11.7668,,,,,,,,
1980-10-01,51.5813,7.5,570.4116,84.7,-0.109018872286565,12.5516,,,,,,,,
1980-11-01,52.4717,7.5,569.6422,85.6,0.317427017036896,13.262,,,,,,,,
1980-12-01,52.7685,7.2,564.7212,86.4,0.117123519284761,12.2879,,,,,,,,
1981-01-01,52.4668,7.5,562.1125,87.2,0.397573561591956,12.624,,,,,,,,
1981-02-01,52.226,7.4,561.9313,88.0,0.130553331914309,13.1795,,,,,,,,
1981-03-01,52.5025,7.4,562.0038,88.6,-0.015145751531846,12.7252,,,,,,,,
1981-04-01,52.2691,7.2,561.4951,89.1,0.529421165404339,14.0235,,,,,,,,
1981-05-01,52.5803,7.5,560.5067,89.7,0.373463886872758,13.8939,,,,,,,,
1981-06-01,52.8284,7.5,558.2744,90.5,0.436521016998479,13.853,,,,,,,,
1981-07-01,53.1751,7.2,562.3656,91.5,0.424540039654737,14.9866,,,,,,,,
1981-08-01,53.1679,7.4,559.0614,92.2,0.310114025832078,15.6968,,,,,,,,
1981-09-01,52.8514,7.6,557.1013,93.1,0.406990575615749,15.7815,,,,,,,,
1981-10-01,52.4949,7.9,554.6349,93.4,0.630661954215902,14.0358,,,,,,,,
1981-11-01,51.894,8.3,553.5758,93.8,0.244607915957769,11.8977,,,,,,,,
1981-12-01,51.3274,8.5,552.1461,94.1,0.598109784328293,13.445,,,,,,,,
1982-01-01,50.3043,8.6,554.8298,94.4,0.776346791243582,13.7523,,,,,,,,
1982-02-01,51.3016,8.9,551.6247,94.7,0.539169599754363,13.7127,,,,,,,,
1982-03-01,50.9104,9.0,550.6956,94.7,0.93875495646647,13.8444,,,,,,,,
1982-04-01,50.4627,9.3,551.1411,95.0,0.841448045451434,13.4278,,,,,,,,
1982-05-01,50.138,9.4,550.3297,95.9,0.765848820858787,13.053,,,,,,,,
1982-06-01,49.9692,9.6,547.8136,97.0,0.741695143018788,14.1275,,,,,,,,
1982-07-01,49.8138,9.8,548.8111,97.5,0.679429355711366,12.8435,,,,,,,,
1982-08-01,49.3773,9.8,547.7718,97.7,0.00820286754537158,11.7785,,,,,,,,
1982-09-01,49.226,10.1,545.7456,97.7,0.46793515491345,11.0633,,,,,,,,
1982-10-01,48.7874,10.4,544.3283,98.1,0.23630558480579,10.0049,,,,,,,,
1982-11-01,48.592,10.8,542.3186,98.0,0.499581294449317,9.8271,,,,,,,,
1982-12-01,48.2424,10.8,542.6711,97.7,0.703221637455807,9.4221,,,,,,,,
1983-01-01,49.1762,10.4,545.8734,97.9,0.325674322460822,9.5295,,,,,,,,
1983-02-01,48.8688,10.4,548.6869,98.0,0.271765934686096,9.2003,,,,,,,,
1983-03-01,49.2654,10.3,551.3025,98.1,0.161878253389375,9.658,,,,,,,,
1983-04-01,49.8675,10.2,552.2261,98.8,0.0740185241711472,9.2063,,,,,,,,
1983-05-01,50.2084,10.1,551.3832,99.2,-0.117715953980702,9.7467,,,,,,,,
1983-06-01,50.5089,10.1,551.0602,99.4,0.0318483236772371,10.0113,,,,,,,,
1983-07-01,51.2733,9.4,554.6739,99.8,-0.147125119726594,10.7451,,,,,,,,
1983-08-01,51.8454,9.5,561.2033,100.1,-0.204159603803201,10.8785,,,,,,,,
1983-09-01,52.6303,9.2,558.6124,100.4,-0.117778883639548,10.2634,,,,,,,,
1983-10-01,53.0679,8.8,558.4999,100.8,-0.102672205979242,10.2961,,,,,,,,
1983-11-01,53.2534,8.5,559.5083,101.1,-0.00369220451899621,10.3289,,,,,,,,
1983-12-01,53.5343,8.3,562.6901,101.4,0.063973515145852,10.5502,,,,,,,,
1984-01-01,54.6008,8.0,563.7643,102.1,-0.0183394454593335,10.2756,,,,,,,,
1984-02-01,54.835,7.8,563.5147,102.6,-0.10816013485984,10.6734,,,,,,,,
1984-03-01,55.1052,7.8,566.3655,102.9,-0.0185884577795831,11.2276,,,,,,,,
1984-04-01,55.4514,7.7,565.4942,103.3,0.050511686325508,11.4054,,,,,,,,
1984-05-01,55.7141,7.4,567.3323,103.5,-0.360912722311889,12.5567,,,,,,,,
1984-06-01,55.9085,7.2,565.9134,103.7,-0.100198286024338,12.7456,,,,,,,,
1984-07-01,56.0842,7.5,560.5802,104.1,-0.175832900632548,12.1545,,,,,,,,
1984-08-01,56.1376,7.5,562.3295,104.4,0.172375745165941,12.1244,,,,,,,,
1984-09-01,56.0382,7.3,558.7623,104.7,-0.0617742376184188,11.7064,,,,,,,,
1984-10-01,55.9459,7.4,558.6124,105.1,-0.218894490581382,10.8345,,,,,,,,
1984-11-01,56.1667,7.2,559.2478,105.3,-0.143331402740815,10.2504,,,,,,,,
1984-12-01,56.2296,7.3,554.9854,105.5,-0.00999815368919487,9.9548,,,,,,,,
1985-01-01,56.1398,7.3,554.8687,105.7,-0.103100040609073,9.7278,,,,,,,,
1985-02-01,56.3323,7.2,552.9032,106.3,-0.175289189846988,10.4262,,,,,,,,
1985-03-01,56.4232,7.2,554.8298,106.8,0.0497718093488426,10.2664,,,,,,,,
1985-04-01,56.2693,7.3,553.7728,107.0,-0.0967809107823731,9.8355,,,,,,,,
1985-05-01,56.3488,7.2,550.8578,107.2,-0.284297716930318,8.8326,,,,,,,,
1985-06-01,56.3901,7.4,549.1414,107.5,0.0853252930939414,8.6052,,,,,,,,
1985-07-01,56.0234,7.4,547.0589,107.7,0.0435445527904043,8.9401,,,,,,,,
1985-08-01,56.2555,7.1,545.1468,107.9,0.0746225256309007,8.7677,,,,,,,,
1985-09-01,56.4983,7.1,543.5467,108.1,0.135921366006372,8.7718,,,,,,,,
1985-10-01,56.2648,7.1,543.8514,108.5,0.244974194635746,8.5834,,,,,,,,
1985-11-01,56.4549,7.0,545.2754,109.0,0.207673642722818,8.3148,,,,,,,,
1985-12-01,57.0458,7.0,546.6794,109.5,-0.00520615394522372,7.9363,,,,,,,,
1986-01-01,57.3104,6.7,544.5012,109.9,0.255254809532916,7.942,,,,,,,,
1986-02-01,56.9344,7.2,540.9859,109.7,-0.21390508572743,7.6473,,,,,,,,
1986-03-01,56.542,7.2,537.5741,109.1,0.562780594326924,7.0092,,,,,,,,
1986-04-01,56.5599,7.1,536.9242,108.7,0.510551040256129,6.9315,,,,,,,,
1986-05-01,56.6823,7.2,537.1103,109.0,-0.00161812592341892,7.419,,,,,,,,
1986-06-01,56.4976,7.2,539.499,109.4,0.0416263060792772,6.9431,,,,,,,,
1986-07-01,56.814,7.0,539.6351,109.5,0.72512760626282,6.6756,,,,,,,,
1986-08-01,56.7381,6.9,534.2334,109.6,0.694439006919421,5.9834,,,,,,,,
1986-09-01,56.8532,7.0,539.0441,110.0,0.316771291437385,6.4215,,,,,,,,
1986-10-01,57.1191,7.0,542.1243,110.2,0.534257656358285,6.2049,,,,,,,,
1986-11-01,57.3792,6.9,543.0398,110.4,0.628014906311668,6.1229,,,,,,,,
1986-12-01,57.8623,6.6,543.0792,110.8,0.67314562517706,6.3613,,,,,,,,
1987-01-01,57.685,6.6,543.5685,111.4,0.539693584227174,6.2254,,,,,,,,
1987-02-01,58.4399,6.6,542.0048,111.8,0.580439935542116,6.2886,,,,,,,,
1987-03-01,58.516,6.6,542.8951,112.2,0.468411295994608,6.5257,,,,,,,,
1987-04-01,58.8851,6.3,547.8553,112.7,-0.312734091029205,7.3362,,,,,,,,
1987-05-01,59.2653,6.3,551.8256,113.0,0.169894231173967,7.6402,,,,,,,,
1987-06-01,59.5409,6.2,552.8913,113.5,0.162252069425316,7.36,,,,,,,,
1987-07-01,59.9536,6.1,553.252,113.8,0.259075499049855,7.4298,,,,,,,,
1987-08-01,60.4517,6.0,553.9458,114.3,0.277414610456751,7.773,,,,,,,,
1987-09-01,60.6069,5.9,554.1577,114.7,0.248805445152275,8.4541,,,,,,,,
1987-10-01,61.491,6.0,553.6744,115.0,-0.730948852645454,7.6441,,,,,,,,
1987-11-01,61.8137,5.8,553.8908,115.4,0.242135734425639,7.6733,,,,,,,,
1987-12-01,62.119,5.7,555.3773,115.6,-0.0415678001526693,7.6822,,,,,,,,
1988-01-01,62.1469,5.7,555.6403,116.0,-0.201304930768858,7.1331,,,,,,,,
1988-02-01,62.4169,5.7,554.9076,116.2,0.174158433762862,7.0214,0.0146,-0.0328,0.151,0.0301,0.0017,-0.82,0.0171,0.2353
1988-03-01,62.5418,5.7,556.5286,116.5,-0.0995428049393027,7.2929,0.0,0.0,,,0.0,0.0,0.0,0.0
1988-04-01,62.8959,5.4,557.4053,117.2,-0.0327315283306213,7.5955,0.0637,0.0059,0.062,0.0323,0.0568,-0.27,0.0277,0.7065
1988-05-01,62.8223,5.6,560.7822,117.5,0.0617009855714965,8.0896,0.1881,0.1703,-0.08,0.0314,0.0207,0.22,0.0319,0.4207
1988-06-01,62.9823,5.4,564.8094,118.0,0.164727271998955,7.8851,0.0303,-0.0049,-0.0135,0.0313,0.0136,-0.14,0.1283,0.1736
1988-07-01,63.0093,5.4,562.2645,118.5,-0.138521172723538,8.2453,0.0751,0.0322,-0.0135,0.0331,0.0504,-0.65,0.0961,0.1621
1988-08-01,63.2723,5.6,562.2319,119.0,0.102329173113151,8.5442,0.1939,0.1516,0.035,0.0318,0.0423,-0.48,0.0322,0.3642
1988-09-01,63.099,5.4,560.5361,119.5,0.272623265087208,8.2847,-0.0037,-0.0061,-0.01,0.0313,-0.0035,-0.74,-0.1183,0.1369
1988-10-01,63.4122,5.4,561.5061,119.9,0.424226442121474,8.0897,0.0,0.0,,,0.0,0.0,0.0,0.0
1988-11-01,63.5128,5.3,561.3821,120.3,0.289123698699204,8.6901,0.0988,0.0791,-0.0275,0.03,0.0249,-0.78,-0.0537,0.2808
1988-12-01,63.8233,5.3,565.0206,120.7,0.429323548964902,8.9718,0.0506,-0.0008,0.213,0.0309,0.029,-0.71,-0.009,0.2216
1989-01-01,64.0153,5.4,565.8541,121.2,0.446882200600762,8.9331,0.0415,-0.0049,0.029,0.0307,0.0313,-0.61,0.0896,0.2555
1989-02-01,63.7242,5.2,566.0214,121.6,0.289799914626452,9.3649,0.1591,0.0943,0.153,0.0323,0.0777,-0.98,0.0346,0.285
1989-03-01,63.8691,5.0,565.291,122.2,0.527445259080439,9.5663,-0.0123,-0.0526,0.0465,0.0304,0.05,-0.68,0.029,0.226
1989-04-01,63.9124,5.2,564.4032,123.1,0.628696862970171,9.0427,0.0,0.0,,,0.0,0.0,0.0,0.0
1989-05-01,63.4884,5.2,563.5254,123.7,0.443593448152444,8.6589,-0.0058,-0.0226,-0.103,0.0288,0.0766,-0.06,0.0353,0.2401
1989-06-01,63.5187,5.3,564.3962,124.1,0.710923628680706,7.9588,-0.0425,-0.0613,-0.099,0.0277,0.1049,-0.55,-0.0209,0.2471
1989-07-01,62.9354,5.2,562.4811,124.5,0.957004272448908,7.4532,-0.0492,-0.0577,-0.0175,0.0253,0.0851,0.02,-0.0456,0.1867
1989-08-01,63.5168,5.2,562.7693,124.5,0.69176873478883,8.2218,-0.0137,-0.0195,0.009,0.0236,0.0603,-0.07,-0.0191,0.0107
1989-09-01,63.2954,5.3,561.5279,124.8,0.695194924829555,8.2843,0.0,0.0,,,0.0,0.0,0.0,0.0
1989-10-01,63.2542,5.3,559.9606,125.4,0.60663083369099,7.7494,0.0568,0.0421,0.042,0.022,0.1093,0.32,0.0096,0.0762
1989-11-01,63.4616,5.4,558.1991,125.9,0.678932599751368,7.6211,0.0285,0.0251,0.078,0.0205,-0.0334,0.05,0.0461,-0.1395
1989-12-01,63.8467,5.4,556.2987,126.3,0.581249369020048,7.7684,-0.0194,-0.0329,0.045,0.0198,-0.0124,-0.32,0.0346,0.0466
1990-01-01,63.4228,5.4,556.2257,127.5,0.312569739592525,8.1567,0.0,0.0,,,0.0,0.0,0.0,0.0
1990-02-01,64.0446,5.3,557.5949,128.0,0.429516190624149,8.2517,0.0206,0.0126,0.1025,0.0188,-0.0115,0.51,0.0251,0.1282
1990-03-01,64.358,5.2,560.3225,128.6,0.458796657882904,8.4778,-0.015,-0.0219,0.1495,0.0185,-0.0096,0.42,0.0003,0.0379
1990-04-01,64.2602,5.4,560.9692,128.9,0.19456136483615,8.7799,0.0,0.0,,,0.0,0.0,0.0,0.0
1990-05-01,64.3973,5.4,562.9203,129.1,0.0934676762113999,8.3009,-0.0074,0.0243,-0.306,0.0174,0.0601,0.23,0.0188,0.0351
1990-06-01,64.6041,5.2,562.5785,129.9,0.151480387670196,8.0944,0.0,0.0,,,0.0,0.0,0.0,0.0
1990-07-01,64.5205,5.5,562.2392,130.5,0.0737077334889892,7.8023,-0.0069,-0.0042,-0.0685,0.0168,0.0578,-0.1,-0.027,0.151
1990-08-01,64.7326,5.7,560.2488,131.6,-0.205865694546165,8.0148,0.0137,0.0424,-0.219,0.0161,-0.097,0.35,0.1019,0.0283
1990-09-01,64.8145,5.9,560.9801,132.5,-0.00251392488747592,7.9191,0.0,0.0,,,0.0,0.0,0.0,0.0
1990-10-01,64.3274,5.9,557.242,133.4,0.226630937950788,7.6884,0.0145,0.0148,-0.042,0.0105,-0.1273,0.84,0.1541,0.3823
1990-11-01,63.5753,6.2,556.5975,133.7,0.301857051865221,7.4825,0.0415,0.0413,-0.046,0.0082,-0.0645,0.12,0.0266,0.4918
1990-12-01,63.1594,6.3,555.3463,134.2,0.394819119701807,7.1467,-0.0816,-0.0557,-0.192,0.0042,0.0143,-0.26,-0.102,0.4678
1991-01-01,62.8852,6.4,554.3966,134.7,0.43294963824763,6.9873,-0.0997,-0.0913,0.075,0.003,0.0129,0.04,-0.1684,0.5596
1991-02-01,62.4462,6.6,554.506,134.8,0.333043992724792,6.9315,-0.0651,-0.0224,-0.23,-0.0013,0.1304,0.37,-0.1755,0.4833
1991-03-01,62.119,6.8,554.1773,134.8,0.262531511301133,6.9488,-0.0844,-0.0622,-0.077,-0.0064,0.1483,0.84,-0.0676,0.3709
1991-04-01,62.2415,6.7,553.6389,135.1,0.216004416161043,6.7814,-0.1413,-0.1256,-0.06,-0.0098,0.1099,0.68,0.005,0.2968
1991-05-01,62.8646,6.9,551.4557,135.6,0.202106602409527,6.7587,0.0187,0.0412,0.011,-0.0121,0.0336,0.72,-0.0156,0.2732
1991-06-01,63.4372,6.9,549.4254,136.0,0.104715369346939,6.9265,0.0,0.0,,,0.0,0.0,0.0,0.0
1991-07-01,63.5128,6.8,550.87,136.2,0.21873261138775,6.7541,0.019,0.0644,-0.1,-0.014,-0.0164,0.45,-0.0531,0.224
1991-08-01,63.5671,6.9,548.5834,136.6,0.155608202664557,6.2962,-0.0835,-0.055,-0.101,-0.014,0.0119,-0.05,-0.0173,0.2303
1991-09-01,64.133,6.9,549.9338,137.0,0.175625673408103,5.9952,0.0334,0.044,-0.006,-0.012,0.0164,-0.29,0.0328,0.0776
1991-10-01,64.0213,7.0,548.9433,137.2,0.175606505672146,5.7006,0.0206,0.0256,-0.006,-0.0109,0.0475,-0.32,0.055,0.0168
1991-11-01,63.948,7.0,549.1167,137.8,0.183099696319374,5.3943,-0.0672,-0.0471,-0.026,-0.0093,0.0094,0.27,0.0532,0.015
1991-12-01,63.6937,7.3,547.3279,138.2,0.218749134482932,4.8144,-0.2356,-0.1824,-0.211,-0.0084,-0.0328,0.43,-0.0102,0.118
1992-01-01,63.3374,7.3,546.8524,138.3,0.0685687656620552,5.1582,0.0,0.0,,,0.0,0.0,0.0,0.0
1992-02-01,63.7911,7.4,547.1346,138.6,0.110586458993328,5.2683,0.0072,0.0251,0.081,-0.0063,0.056,0.52,-0.054,0.1153
1992-03-01,64.3212,7.4,548.7118,139.1,0.0530353812218169,5.6244,0.0,0.0,,,0.0,0.0,0.0,0.0
1992-04-01,64.8088,7.4,550.0401,139.4,0.0481069618003355,5.3897,-0.2118,-0.2057,0.14,-0.0019,-0.0068,0.64,0.0293,0.0581
1992-05-01,65.0202,7.6,550.3338,139.7,0.0125960484455616,5.1487,0.0348,0.0345,0.051,0.0014,0.0094,0.04,0.0295,0.12
1992-06-01,65.0295,7.8,551.9539,140.1,-0.00531259967087582,4.8597,0.0,0.0,,,0.0,0.0,0.0,0.0
1992-07-01,65.6172,7.7,550.2686,140.5,-0.0778317060030735,4.4285,0.0467,0.0728,-0.212,0.0035,0.0242,0.12,0.035,0.1326
1992-08-01,65.2943,7.6,549.5445,140.8,0.0974333745254372,4.2091,0.0072,-0.0027,0.088,0.0046,0.0271,-0.24,0.0057,0.1324
1992-09-01,65.446,7.6,549.9134,141.1,0.188151141550647,3.8673,-0.0068,0.0272,-0.233,0.0057,0.0081,-0.23,-0.0203,0.0823
1992-10-01,65.9369,7.3,548.0472,141.7,0.133194466197738,4.4577,0.0176,0.028,-0.007,0.0057,-0.0162,-0.08,-0.0024,0.0885
1992-11-01,66.2174,7.4,547.4914,142.1,0.0655687737237922,4.8343,0.0122,0.0276,0.002,0.0072,-0.0035,0.28,-0.0185,0.0894
1992-12-01,66.2772,7.4,546.0734,142.3,0.129279086588658,4.5052,0.0033,0.0033,0.045,0.009,0.0421,-0.14,-0.0506,0.1549
1993-01-01,66.5643,7.3,547.2145,142.8,0.0786294949495669,4.1924,0.0,0.0,,,0.0,0.0,0.0,0.0
1993-02-01,66.8594,7.1,547.4411,143.1,0.0470566447178082,3.9242,0.0082,0.003,-0.027,0.0131,0.0659,-0.34,-0.0281,0.1795
1993-03-01,66.7658,7.0,547.4705,143.3,0.0198486854461485,3.9615,0.0098,-0.028,0.243,0.0159,0.0302,-0.45,0.0177,0.064
1993-04-01,67.0,7.1,546.2814,143.8,0.0471606866889129,3.7927,0.0,0.0,,,0.0,0.0,0.0,0.0
1993-05-01,66.7674,7.1,545.4509,144.2,0.018928807991692,4.2039,-0.0085,-0.0143,-0.031,0.0162,-0.0096,-0.27,0.0272,0.1649
1993-06-01,66.8781,7.0,545.2154,144.3,-0.0612438521707647,4.0234,0.0,0.0,,,0.0,0.0,0.0,0.0
1993-07-01,67.0845,6.9,545.8862,144.5,-0.0685747370790854,4.1154,-0.0048,-0.0056,-0.137,0.0185,0.0033,-0.4,0.0266,0.2103
1993-08-01,67.014,6.8,546.4255,144.8,-0.0374513309770374,3.8468,0.0163,-0.0049,0.012,0.0206,0.0304,-0.45,0.0056,0.2532
1993-09-01,67.3345,6.7,545.8479,145.0,0.0207024197570522,3.8874,0.0036,0.0127,-0.189,0.0207,0.0207,-0.26,-0.0009,0.1923
1993-10-01,67.8515,6.8,547.6296,145.6,-0.0224848061543618,3.9641,0.0,0.0,,,0.0,0.0,0.0,0.0
1993-11-01,68.1326,6.6,549.3308,146.0,-0.142327283911275,4.1769,0.01,-0.0057,0.017,0.0235,0.0312,-0.12,-0.0072,0.2342
1993-12-01,68.5054,6.5,550.3053,146.3,-0.152323186871874,4.2071,0.0067,-0.0088,0.037,0.0245,0.0223,0.22,0.0043,0.2688
1994-01-01,68.7648,6.6,551.9339,146.3,-0.236453825142675,4.0662,0.0,0.0,,,0.0,0.0,0.0,0.0
1994-02-01,68.7836,6.6,553.4456,146.7,-0.450851941927016,4.6497,0.1602,0.1475,-0.118,0.0252,0.0259,0.09,0.0604,0.3325
1994-03-01,69.4766,6.5,553.1966,147.1,-0.334671065467088,5.2079,-0.0445,-0.0712,0.067,0.0246,0.0112,0.17,0.0413,0.3194
1994-04-01,69.8703,6.4,554.5138,147.2,-0.286783731525263,5.7234,0.0999,0.0702,0.2265,0.0291,-0.0608,0.54,0.0045,0.3574
1994-05-01,70.2281,6.1,554.7947,147.5,-0.29270430228661,5.9619,-0.0462,-0.0743,0.092,0.0294,-0.0617,0.37,0.0624,0.3897
1994-06-01,70.6763,6.1,553.6428,147.9,-0.339620601227179,6.1078,0.0,0.0,,,0.0,0.0,0.0,0.0
1994-07-01,70.7846,6.1,556.823,148.4,-0.31992473598426,5.9389,0.0108,-0.0224,-0.084,0.031,0.0018,-0.33,0.0758,0.4749
1994-08-01,71.2053,6.0,558.5824,149.0,-0.258447580355539,6.0552,0.0331,-0.0058,0.049,0.0315,0.0386,-0.35,0.0082,0.4002
1994-09-01,71.4767,5.9,559.0614,149.3,-0.415255757222912,6.5119,-0.0038,-0.0304,-0.0535,0.0326,0.0246,-0.25,0.0053,0.4485
1994-10-01,72.082,5.8,560.1196,149.4,-0.304292328873106,6.7239,0.0,0.0,,,0.0,0.0,0.0,0.0
1994-11-01,72.5263,5.6,562.3042,149.8,-0.270167822993448,7.3168,0.0467,0.0303,-0.051,0.0328,0.0088,-0.1,0.0368,0.1789
1994-12-01,73.2879,5.5,565.5922,150.1,-0.197673855682519,7.563,0.0074,-0.0315,0.1,0.0341,-0.0286,-0.71,0.0169,0.227
1995-01-01,73.4219,5.6,566.6288,150.5,-0.240934808171069,7.1627,0.0,0.0,,,0.0,0.0,0.0,0.0
1995-02-01,73.3025,5.4,565.112,150.9,-0.290766078776447,6.6846,0.0675,0.0305,-0.004,0.0341,0.0098,-1.09,0.008,0.2494
1995-03-01,73.4081,5.4,564.5412,151.2,-0.302634744905804,6.6998,0.0332,-0.0245,0.086,0.0341,0.0906,-0.94,0.0213,0.2993
1995-04-01,73.3612,5.8,566.5007,151.8,-0.244627548310599,6.4975,0.0,0.0,,,0.0,0.0,0.0,0.0
1995-05-01,73.6104,5.6,567.15,152.1,-0.34094472750624,5.8129,0.0031,-0.0195,-0.159,0.0302,0.0762,-0.85,0.0308,0.2212
1995-06-01,73.8602,5.6,569.7295,152.4,-0.150172047357938,5.7601,0.0,0.0,,,0.0,0.0,0.0,0.0
1995-07-01,73.5664,5.7,567.4182,152.6,-0.328213143506306,5.8328,-0.2424,-0.2335,-0.2735,0.0263,0.0889,-0.73,-0.0367,0.1125
1995-08-01,74.495,5.7,567.867,152.9,-0.196398601518726,5.7742,0.0646,0.0619,-0.07,0.0239,0.0715,0.2,-0.0018,0.152
1995-09-01,74.7937,5.6,568.0036,153.1,-0.174371621676135,5.7927,0.0769,0.0616,0.084,0.0236,0.0543,0.34,0.0228,0.0483
1995-10-01,74.7017,5.5,568.4158,153.5,-0.126472705862191,5.5916,0.0,0.0,,,0.0,0.0,0.0,0.0
1995-11-01,74.8897,5.6,568.85,153.7,-0.0441397748557281,5.3296,0.0453,0.0271,-0.014,0.022,0.0514,-0.53,0.0341,0.0381
1995-12-01,75.1755,5.6,566.6773,153.9,-0.0539538401365544,5.1473,-0.0339,-0.0443,0.006,0.0197,0.0394,-0.23,0.0321,-0.0083
1996-01-01,74.6841,5.6,565.5607,154.7,-0.0982780799287978,4.9275,-0.0292,-0.0449,0.011,0.0184,0.0886,-0.06,0.0398,0.0336
1996-02-01,75.8344,5.5,565.5572,155.0,-0.330071002085894,5.3576,0.0,0.0,,,0.0,0.0,0.0,0.0
1996-03-01,75.7631,5.5,566.7568,155.5,-0.354044889544328,5.7343,0.0358,-0.0206,0.4085,0.0173,0.0703,0.46,0.0607,0.1187
1996-04-01,76.4562,5.6,570.3749,156.1,-0.304027303499135,5.9734,0.0,0.0,,,0.0,0.0,0.0,0.0
1996-05-01,77.0161,5.6,573.5346,156.4,-0.337247878707601,6.1585,0.024,0.0269,-0.1255,0.0177,0.033,0.58,0.0741,0.2232
1996-06-01,77.6669,5.3,573.1236,156.7,-0.288764681904001,6.0765,0.0,0.0,,,0.0,0.0,0.0,0.0
1996-07-01,77.5662,5.5,574.2618,157.0,-0.342050061515648,6.152,-0.0207,-0.0371,0.178,0.0209,0.0426,0.39,-0.0531,0.2009
1996-08-01,78.016,5.1,574.4988,157.2,-0.376642235095728,6.2712,0.0124,0.0121,0.003,0.0222,0.0026,-0.06,-0.0483,0.1789
1996-09-01,78.5532,5.2,571.7587,157.7,-0.394660268576803,6.0392,-0.0743,-0.0902,0.0125,0.0216,0.0362,-0.19,0.0121,0.1712
1996-10-01,78.5065,5.2,566.8639,158.2,-0.323980104552312,5.6963,0.0,0.0,,,0.0,0.0,0.0,0.0
1996-11-01,79.1996,5.4,566.6946,158.7,-0.295039554764664,5.5348,-0.0096,-0.0339,0.015,0.0221,0.0915,-0.39,-0.0033,0.1957
1996-12-01,79.7143,5.4,566.3724,159.1,-0.40339858016459,5.8259,0.0093,-0.0008,-0.057,0.0233,0.0577,-0.11,0.0318,0.093
1997-01-01,79.8273,5.3,567.7096,159.4,-0.328453946391817,5.8552,0.0,0.0,,,0.0,0.0,0.0,0.0
1997-02-01,80.793,5.2,569.7697,159.7,-0.480152113594895,5.9967,0.0171,-0.0232,0.087,0.0254,0.1125,0.24,0.0571,0.2825
1997-03-01,81.334,5.2,569.1507,159.8,-0.513408588925764,6.3624,0.0761,0.0421,0.116,0.0244,0.078,0.08,0.0089,0.2836
1997-04-01,81.3531,5.1,567.3804,159.9,-0.464357614208651,6.1951,0.0,0.0,,,0.0,0.0,0.0,0.0
1997-05-01,81.8293,4.9,568.1332,159.9,-0.461341313859755,6.1302,-0.0522,-0.0651,-0.056,0.0259,0.0261,0.15,0.0567,0.1983
1997-06-01,82.2285,5.0,567.7302,160.2,-0.570003338297248,6.0239,0.0,0.0,,,0.0,0.0,0.0,0.0
1997-07-01,82.8557,4.9,568.4736,160.4,-0.540522486351178,5.6547,0.0091,0.0012,-0.087,0.0251,0.1629,-0.31,-0.074,0.1454
1997-08-01,83.7214,4.8,568.5958,160.8,-0.497563161461557,5.916,0.0135,-0.0034,0.118,0.0255,0.0805,-0.35,-0.0892,0.0596
1997-09-01,84.4651,4.9,568.2899,161.2,-0.587665149633455,5.7499,0.005,-0.0123,-0.031,0.0238,0.0759,-0.23,0.0293,0.1029
1997-10-01,85.1918,4.7,569.6825,161.5,-0.438959717737794,5.597,0.0,0.0,,,0.0,0.0,0.0,0.0
1997-11-01,85.9397,4.6,569.0258,161.7,-0.357203550457875,5.734,-0.0202,-0.038,0.074,0.0267,-0.0142,-0.49,0.0061,0.0055
1997-12-01,86.2047,4.7,560.5103,161.8,-0.402219819036514,5.6158,0.0032,-0.0288,0.204,0.0267,0.0418,-0.65,-0.0399,-0.0332
1998-01-01,86.6474,4.6,558.5824,162.0,-0.356317343211698,5.3021,0.0,0.0,,,0.0,0.0,0.0,0.0
1998-02-01,86.7612,4.6,558.1313,162.0,-0.354580985049766,5.5037,0.0286,0.0071,0.17,0.028,0.0903,-0.4,-0.0846,-0.0724
1998-03-01,86.8198,4.7,559.4934,162.0,-0.410952042357019,5.5578,0.0102,-0.01,0.06,0.0271,0.1523,0.23,-0.0243,0.0576
1998-04-01,87.1411,4.3,561.7643,162.2,-0.439387731918081,5.5519,0.0,0.0,,,0.0,0.0,0.0,0.0
1998-05-01,87.6952,4.4,561.9785,162.6,-0.393968376791298,5.504,-0.0068,-0.0079,-0.008,0.0255,0.0767,0.17,-0.065,0.1366
1998-06-01,87.145,4.5,559.46,162.8,-0.363801163425,5.4734,0.0,0.0,,,0.0,0.0,0.0,0.0
1998-07-01,86.8423,4.5,558.0484,163.2,-0.322376873681883,5.4636,0.0138,0.0097,0.071,0.0262,0.0345,-0.17,-0.0599,-0.0556
1998-08-01,88.6247,4.5,554.4787,163.4,0.0836943567327157,4.99,0.0098,0.0242,0.011,0.0248,-0.0306,-0.11,-0.0844,-0.0275
1998-09-01,88.4515,4.6,554.822,163.5,0.0580484124120119,4.3723,0.0312,0.051,0.015,0.0276,-0.074,-0.26,-0.0299,-0.3613
1998-10-01,89.1677,4.5,555.7947,163.9,0.192549735283463,4.3038,-0.2735,-0.2244,-0.131,0.0253,-0.1579,0.22,-0.0149,-0.2891
1998-11-01,89.1098,4.4,546.5229,164.1,0.174769124187114,4.5877,-0.0138,-0.0143,-0.059,0.0241,0.0665,0.0,0.0016,-0.0092
1998-12-01,89.4407,4.4,546.0521,164.4,0.0412670987275358,4.5829,0.0113,0.0088,0.097,0.0238,0.1648,0.26,-0.1066,-0.115
1999-01-01,89.8594,4.3,545.7498,164.7,0.0464715782259714,4.6061,0.0,0.0,,,0.0,0.0,0.0,0.0
1999-02-01,90.3386,4.4,541.4588,164.7,-0.213627099066626,5.1211,0.0122,-0.0073,0.178,0.0229,0.1668,-0.02,-0.0866,-0.0995
1999-03-01,90.4819,4.2,541.9251,164.8,-0.189157569854355,4.9903,-0.0162,-0.0404,0.025,0.0245,0.0849,0.55,0.0835,0.173
1999-04-01,90.7274,4.3,540.883,165.9,-0.231367675194959,5.0584,0.0,0.0,,,0.0,0.0,0.0,0.0
1999-05-01,91.352,4.2,541.3831,166.0,-0.235323851516046,5.3946,0.1243,0.1053,0.009,0.0248,0.0659,0.43,0.0953,0.0448
1999-06-01,91.1994,4.3,540.5556,166.0,-0.173645419412198,5.4798,-0.0992,-0.09,-0.209,0.0233,0.0521,0.36,0.0195,0.2785
1999-07-01,91.7766,4.3,541.3341,166.7,-0.128052832682403,5.5817,0.0,0.0,,,0.0,0.0,0.0,0.0
1999-08-01,92.1629,4.2,542.2348,167.1,-0.0617277124870161,5.7037,0.0078,-0.0304,0.11,0.0251,0.0159,0.02,0.1224,0.0948
1999-09-01,91.774,4.2,545.361,167.8,0.061436444992434,5.5911,0.0,0.0,,,0.0,0.0,0.0,0.0
1999-10-01,92.9979,4.1,544.5487,168.1,0.0821913921236801,5.762,0.0908,0.0809,-0.091,0.0235,-0.0569,-0.05,0.1164,0.1686
1999-11-01,93.4371,4.1,543.7818,168.4,0.0387869374900602,5.9437,0.0786,0.0492,0.012,0.0251,0.049,-0.49,0.0665,0.0796
1999-12-01,94.1593,4.0,542.6051,168.8,-0.190705061655491,6.1832,0.0449,0.0101,0.024,0.0251,0.0601,-0.37,0.0403,0.291
2000-01-01,94.1758,4.0,541.6234,169.3,0.00118106965848241,6.5458,0.0,0.0,,,0.0,0.0,0.0,0.0
2000-02-01,94.4557,4.1,539.6714,170.0,0.0703380463100491,6.4544,0.0117,-0.0268,0.09,0.0255,0.0486,0.01,0.0961,0.1598
2000-03-01,94.798,4.0,542.9389,171.0,0.332581975753325,6.4095,0.0057,0.0056,-0.18,0.0232,0.0302,-0.5,0.0548,0.0206
2000-04-01,95.4808,3.8,542.6579,170.9,0.489359553462931,6.5841,0.0,0.0,,,0.0,0.0,0.0,0.0
2000-05-01,95.6435,4.0,545.6005,171.2,0.673580102656746,6.6502,0.0659,0.0354,0.02,0.0253,0.0248,-0.66,0.0427,0.1695
2000-06-01,95.7353,4.0,541.5789,172.2,0.728270027612366,6.343,-0.0209,-0.0229,-0.129,0.0253,-0.0517,-0.02,0.0671,0.2375
2000-07-01,95.5906,4.0,538.4357,172.7,0.810518875480913,6.2787,0.0,0.0,,,0.0,0.0,0.0,0.0
2000-08-01,95.3112,4.1,539.2673,172.7,0.996858382399662,6.114,0.0244,0.0182,-0.182,0.0216,0.0424,-0.94,0.0126,0.1571
2000-09-01,95.679,3.9,541.1423,173.6,1.0947280503088,5.941,0.0,0.0,,,0.0,0.0,0.0,0.0
2000-10-01,95.397,3.9,539.7031,173.9,1.50615239643296,5.9078,0.0536,0.0477,-0.07,0.0197,-0.0043,-0.44,0.0322,0.1168
2000-11-01,95.4229,3.9,541.7566,174.2,1.56882331906554,5.6234,0.015,0.0161,-0.046,0.0166,-0.0756,-0.14,0.0729,0.0814
2000-12-01,95.1573,3.9,541.1601,174.6,1.57503498983308,5.1458,0.0322,0.0506,-0.054,0.0159,-0.1027,-0.51,-0.0032,-0.0793
2001-01-01,94.5448,4.2,541.53,175.6,1.15079271363307,4.6696,-0.1264,-0.1022,-0.054,0.0147,-0.1279,-0.58,0.0084,-0.2007
2001-02-01,93.9398,4.2,541.7921,176.0,1.14413091123459,4.4646,0.0,0.0,,,0.0,0.0,0.0,0.0
2001-03-01,93.7201,4.3,541.4855,176.1,1.07209498530607,4.2154,-0.0647,-0.0115,0.06,0.0126,-0.158,1.07,-0.058,-0.2012
2001-04-01,93.4469,4.4,542.9916,176.4,0.874377227172744,4.3358,-0.3009,-0.223,-0.149,0.0087,-0.1073,1.23,-0.0406,-0.2965
2001-05-01,92.876,4.3,543.7601,177.3,0.727958924309668,4.2676,-0.1276,-0.0439,-0.258,0.0044,-0.0648,1.74,-0.0345,-0.0141
2001-06-01,92.3208,4.5,545.4381,177.7,0.969338690343054,4.295,0.0866,0.1238,0.006,0.0023,0.0653,1.13,-0.0516,-0.0835
2001-07-01,91.7933,4.6,547.6882,177.4,0.734104300904411,3.8251,0.0,0.0,,,0.0,0.0,0.0,0.0
2001-08-01,91.6795,4.9,545.5321,177.4,0.743260663767487,3.6758,-0.0266,0.0078,0.008,-0.0004,-0.0953,-0.27,-0.0704,-0.0267
2001-09-01,91.3289,5.0,538.7472,178.1,1.18461836800057,2.9036,0.0,0.0,,,0.0,0.0,0.0,0.0
2001-10-01,90.9315,5.3,532.603,177.6,1.00756686496789,2.4903,-0.053,0.0159,-0.068,-0.0044,-0.1654,0.48,-0.0665,-0.1249
2001-11-01,90.486,5.5,538.0819,177.5,-0.207183725215105,2.8536,-0.1514,-0.0702,-0.14,-0.0068,-0.0882,0.63,-0.1221,-0.1168
2001-12-01,90.5073,5.7,535.7058,177.4,0.340787653801082,3.0627,-0.0605,0.0277,-0.131,-0.0107,0.0056,1.88,-0.1117,-0.046
2002-01-01,91.0794,5.7,535.8095,177.7,0.533380873066886,3.1381,0.0372,0.068,0.046,-0.0131,0.0141,0.91,-0.0038,0.0799
2002-02-01,91.0553,5.7,537.4723,178.0,0.719952386619724,3.0313,0.0,0.0,,,0.0,0.0,0.0,0.0
2002-03-01,91.798,5.7,539.199,178.5,0.201330638678385,3.69,-0.0595,-0.0695,0.066,-0.0156,0.025,-0.08,0.1362,0.0973
2002-04-01,92.1771,5.9,536.101,179.3,0.341603355427146,3.234,0.0,0.0,,,0.0,0.0,0.0,0.0
2002-05-01,92.5668,5.8,540.2452,179.5,0.448358332821924,3.1684,-0.0353,-0.0232,-0.01,-0.014,-0.0711,0.15,0.1151,0.1629
2002-06-01,93.4476,5.8,545.0824,179.6,0.894260031953805,2.8456,0.0216,0.0517,-0.024,-0.0135,-0.1628,-0.39,0.0229,0.1452
2002-07-01,93.2237,5.8,545.5748,180.0,1.50802881229106,2.2241,0.0,0.0,,,0.0,0.0,0.0,0.0
2002-08-01,93.2359,5.7,545.1982,180.5,1.42270926150366,2.1109,-0.109,-0.073,-0.049,-0.0121,-0.1716,-0.9,0.0119,-0.081
2002-09-01,93.3654,5.7,546.8946,180.8,1.59519372664212,1.7048,-0.003,0.0069,0.009,-0.011,-0.1882,-1.08,0.09,0.0419
2002-10-01,93.0834,5.7,546.5356,181.2,1.40008709739721,1.6908,0.0,0.0,,,0.0,0.0,0.0,0.0
2002-11-01,93.5693,5.9,548.6165,181.5,0.981942791116873,2.0892,-0.0734,-0.0872,-0.005,-0.0063,0.0924,-0.09,0.0819,0.2518
2002-12-01,93.1103,6.0,549.8438,181.8,0.866878721934189,1.5945,0.0302,0.0524,-0.065,-0.004,-0.0022,0.47,0.0083,0.2562
2003-01-01,93.8198,5.8,552.2021,182.6,0.837494498833532,1.7249,0.0605,0.0705,-0.121,-0.0039,-0.0429,0.36,0.1135,0.3536
2003-02-01,93.9532,5.9,552.1981,183.6,0.620531286921825,1.5273,0.0,0.0,,,0.0,0.0,0.0,0.0
2003-03-01,93.7358,5.9,551.3671,183.9,0.103386298309949,1.5392,0.0085,0.0496,-0.328,-0.0022,-0.0472,-0.25,0.0374,0.2132
2003-04-01,93.0657,6.0,551.1693,183.2,0.03033601202941,1.5326,0.0,0.0,,,0.0,0.0,0.0,0.0
2003-05-01,93.0918,6.1,552.3379,182.9,-0.537266662867928,1.3252,-0.084,-0.0827,0.002,-0.0034,0.0926,-0.04,-0.0669,0.4095
2003-06-01,93.2476,6.3,551.7694,183.1,-0.41181296090697,1.3274,0.1407,0.1324,0.008,-0.0034,0.0934,-0.33,0.0205,0.1779
2003-07-01,93.6582,6.2,552.6011,183.7,-1.1398295343788,1.8192,0.0,0.0,,,0.0,0.0,0.0,0.0
2003-08-01,93.5246,6.1,553.8043,184.5,-0.230188729027776,1.9445,-0.0295,-0.0129,-0.054,-0.0031,0.0635,0.88,-0.0055,0.3834
2003-09-01,94.0751,6.1,559.1397,185.1,-0.586817500093737,1.4792,0.0071,0.0324,-0.108,-0.0034,0.0162,1.01,0.017,0.4097
2003-10-01,94.2079,6.0,563.2644,184.9,-0.549993207592149,1.8494,-0.0812,-0.1117,0.077,-0.0019,0.032,-0.02,0.0932,0.4924
2003-11-01,94.9338,5.8,562.1451,185.0,-0.591718193657585,2.0537,0.0,0.0,,,0.0,0.0,0.0,0.0
2003-12-01,94.8662,5.7,564.7494,185.5,-0.548712451954807,1.825,0.0441,0.0302,-0.09,-0.0011,0.0458,-0.08,0.1343,0.3189
2004-01-01,95.1085,5.7,567.4285,186.3,-0.735801100295028,1.8317,0.1518,0.14,-0.147,0.0009,0.1047,-0.07,0.1006,0.3706
2004-02-01,95.6847,5.6,570.8405,186.7,-0.354229306158656,1.6451,0.0,0.0,,,0.0,0.0,0.0,0.0
2004-03-01,95.2088,5.8,572.1721,187.1,-0.54672105627491,1.576,-0.0585,-0.0839,-0.104,0.0029,0.0409,-0.56,0.0873,0.5692
2004-04-01,95.6385,5.6,572.0246,187.4,-0.798503547143864,2.3449,0.0,0.0,,,0.0,0.0,0.0,0.0
2004-05-01,96.3966,5.6,570.2682,188.2,-0.408186933059079,2.5613,0.0089,-0.0351,0.208,0.0094,-0.0148,0.29,0.0859,0.5434
2004-06-01,95.6019,5.6,567.3873,188.9,-0.412946783849026,2.7075,-0.0116,-0.0037,0.028,0.0114,0.0241,0.37,-0.0557,0.232
2004-07-01,96.3385,5.5,567.0501,189.1,-0.343105714264564,2.6838,0.0,0.0,,,0.0,0.0,0.0,0.0
2004-08-01,96.4095,5.4,569.4708,189.2,-0.42413272886018,2.3932,0.0561,0.0713,-0.193,0.0126,-0.0515,-0.96,-0.0324,0.226
2004-09-01,96.4907,5.4,568.6908,189.8,-0.575398580985257,2.6039,-0.0105,-0.022,-0.006,0.0136,-0.0087,-1.03,0.0101,0.0499
2004-10-01,97.4094,5.5,566.995,190.8,-0.536934853635913,2.5453,0.0,0.0,,,0.0,0.0,0.0,0.0
2004-11-01,97.6137,5.4,571.4393,191.7,-0.697357419869399,3.0298,-0.0197,-0.0723,0.157,0.0152,0.0887,-0.68,0.0666,0.2287
2004-12-01,98.3318,5.4,568.007,191.7,-0.751644150819726,3.0653,-0.0044,-0.0227,-0.087,0.0154,0.0644,-0.58,0.035,0.2835
2005-01-01,98.7845,5.3,566.8915,191.6,-0.725013863637928,3.2573,0.0,0.0,,,0.0,0.0,0.0,0.0
2005-02-01,99.4639,5.4,569.0292,192.4,-0.99636947992022,3.5845,-0.0097,-0.0262,-0.018,0.0152,0.0535,-0.49,-0.0329,0.3799
2005-03-01,99.3061,5.2,569.7463,193.1,-0.70938466151939,3.7855,0.0899,0.0543,0.043,0.0167,-0.0184,-0.31,0.102,0.3875
2005-04-01,99.4734,5.2,571.0692,193.7,-0.452431267316669,3.6232,0.0,0.0,,,0.0,0.0,0.0,0.0
2005-05-01,99.6033,5.1,569.1879,193.6,-0.364473559948196,3.5692,0.0293,0.0179,-0.115,0.0159,-0.0106,-0.35,0.0713,0.3281
2005-06-01,99.9853,5.0,568.409,193.7,-0.516659921620243,3.6194,0.0601,0.0528,-0.097,0.015,0.0292,-0.87,-0.0028,0.1789
2005-07-01,99.6692,5.0,567.7062,194.9,-0.620973025931466,4.0108,0.0,0.0,,,0.0,0.0,0.0,0.0
2005-08-01,99.9435,4.9,567.7815,196.1,-0.592518730064122,3.8071,-0.0076,-0.0422,0.027,0.0184,0.0422,-0.5,0.086,0.2127
2005-09-01,98.0779,5.0,568.5652,198.8,-0.516327926868855,4.1302,0.0282,0.0043,-0.021,0.0192,0.0164,-0.42,0.0927,0.146
2005-10-01,99.3149,5.0,569.659,199.1,-0.365561975413647,4.4013,0.0,0.0,,,0.0,0.0,0.0,0.0
2005-11-01,100.3216,5.0,568.4532,198.1,-0.369774619090525,4.3993,0.0162,-0.0113,0.108,0.0165,-0.0223,-0.25,0.0693,0.1818
2005-12-01,100.9437,4.9,571.3766,198.1,-0.334746536522013,4.3815,-0.0179,-0.0453,0.006,0.0186,0.0151,-0.01,0.0957,0.3131
2006-01-01,101.0627,4.7,574.0436,199.3,-0.384008043221219,4.4998,0.0424,0.0196,-0.092,0.0189,0.0715,-0.53,0.0669,0.2269
2006-02-01,101.0669,4.8,574.0886,199.4,-0.36603327811391,4.6588,0.0,0.0,,,0.0,0.0,0.0,0.0
2006-03-01,101.2751,4.7,574.6746,199.7,-0.453734844586389,4.8103,0.0599,0.0406,0.043,0.0201,0.0328,-0.32,-0.0166,0.2615
2006-04-01,101.6813,4.7,579.1152,200.7,-0.485791532786211,4.8381,0.0,0.0,,,0.0,0.0,0.0,0.0
2006-05-01,101.579,4.6,580.4532,201.3,-0.386786828113041,5.0028,0.0671,0.0472,-0.062,0.0199,0.0472,0.17,0.1311,0.1487
2006-06-01,101.9693,4.6,582.2809,201.8,-0.410080439938314,5.1304,-0.0323,-0.0267,-0.105,0.0189,-0.0437,0.06,0.0699,0.0994
2006-07-01,101.9319,4.7,582.4258,202.9,-0.308923065196438,4.9342,0.0,0.0,,,0.0,0.0,0.0,0.0
2006-08-01,102.3327,4.7,583.7381,203.8,-0.308674903400508,4.7425,-0.0237,-0.0255,-0.033,0.0164,-0.0282,-0.44,0.0191,0.0848
2006-09-01,102.1252,4.5,584.0787,202.8,-0.390158812836637,4.6603,0.0286,0.0264,0.003,0.0162,0.0515,-0.43,-0.0258,-0.0259
2006-10-01,102.0668,4.4,586.2523,201.9,-0.400931139376866,4.6572,-0.0006,-0.0045,-0.074,0.0168,0.0883,-0.24,0.0352,-0.043
2006-11-01,101.9688,4.5,588.6243,202.0,-0.386042769404773,4.5687,0.0,0.0,,,0.0,0.0,0.0,0.0
2006-12-01,103.0292,4.4,589.2611,203.1,-0.520954347247617,4.7738,-0.0248,-0.0433,0.022,0.0152,0.0842,-0.28,0.0896,-0.1385
2007-01-01,102.4933,4.6,588.9238,203.437,-0.567627060635266,4.8697,0.0002,0.0004,0.052,0.0154,0.0367,0.22,0.0085,-0.046
2007-02-01,103.5264,4.5,591.8867,204.226,-0.575390988593588,4.6016,0.0,0.0,,,0.0,0.0,0.0,0.0
2007-03-01,103.7521,4.4,595.8192,205.288,-0.382815944426157,4.5896,-0.0881,-0.0662,-0.003,0.0133,-0.0004,-0.14,0.0117,-0.4295
2007-04-01,104.4814,4.5,596.8477,205.904,-0.385589886163647,4.575,0.0,0.0,,,0.0,0.0,0.0,0.0
2007-05-01,104.5322,4.4,599.3113,206.755,-0.635533152180552,4.8813,0.0508,0.0496,-0.018,0.0119,0.0401,0.1,0.0762,-0.0777
2007-06-01,104.5617,4.6,600.4381,207.234,-0.418542232890342,4.8475,0.0251,0.0108,0.017,0.0128,0.0468,0.76,0.0262,0.5413
2007-07-01,104.5227,4.7,602.0295,207.603,-0.00259326733816767,4.5331,0.0,0.0,,,0.0,0.0,0.0,0.0
2007-08-01,104.7556,4.6,600.4307,207.667,0.121867620213847,4.151,-0.0332,-0.007,-0.038,0.0111,-0.0234,0.09,-0.0119,-0.1678
2007-09-01,105.1611,4.7,603.4859,208.547,0.0398424133711783,3.9578,-0.1708,-0.1211,-0.117,0.0096,-0.0309,-0.19,0.0196,-0.6902
2007-10-01,104.7171,4.7,603.1358,209.19,-0.0304616316106716,3.9101,0.0866,0.1002,0.0,0.0091,0.038,0.62,0.0919,-0.2835
2007-11-01,105.3338,4.7,602.4972,210.834,0.30669719499171,3.0362,0.0,0.0,,,0.0,0.0,0.0,0.0
2007-12-01,105.3457,5.0,602.4416,211.445,0.469894512589192,3.0303,0.082,0.1121,0.029,0.0089,0.042,0.72,0.0928,-0.7199
2008-01-01,105.0619,5.0,605.6503,212.174,0.690832226470232,2.1475,-0.1876,-0.1411,-0.048,0.0083,-0.1493,0.38,0.0843,-0.5022
2008-02-01,104.7094,4.9,615.0006,212.687,0.913253444597362,1.6214,0.0,0.0,,,0.0,0.0,0.0,0.0
2008-03-01,104.4616,5.1,610.9958,213.448,1.10960186356938,1.6041,0.1239,0.1466,-0.093,0.0056,-0.1387,1.01,0.2128,-0.0544
2008-04-01,103.6704,5.0,615.2477,213.942,0.608723360904898,2.21,-0.0639,-0.0496,-0.03,0.0035,0.0443,0.98,0.117,-0.1051
2008-05-01,103.0863,5.4,612.2493,215.208,0.628695576035428,2.6018,0.0,0.0,,,0.0,0.0,0.0,0.0
2008-06-01,102.8445,5.6,616.6866,217.463,0.755937687383071,2.597,-0.0487,-0.0489,0.001,-0.001,-0.0267,0.05,0.1409,-0.035
2008-07-01,102.3002,5.8,613.0748,219.016,1.0157609661735,2.4724,0.0,0.0,,,0.0,0.0,0.0,0.0
2008-08-01,100.7353,6.1,608.3861,218.69,1.20168602014758,2.3386,-0.0181,0.0137,0.014,-0.004,-0.1208,-0.12,-0.051,0.1221
2008-09-01,96.3666,6.1,602.2527,218.877,1.69587767998618,1.988,0.0972,0.1764,-0.011,-0.0058,-0.1164,0.27,-0.2595,0.025
2008-10-01,97.2832,6.5,583.6447,216.995,3.2834008575642,1.4104,-0.0284,0.101,-0.059,-0.0098,-0.2288,0.63,-0.3734,-0.1132
2008-11-01,96.0605,6.8,577.632,213.153,2.92168019906642,0.778,0.0,0.0,,,0.0,0.0,0.0,0.0
2008-12-01,93.2521,7.3,575.2827,211.398,3.11951948602469,0.5713,-0.2602,-0.0986,-0.238,-0.02,-0.3654,0.05,-0.3787,-0.0834
2009-01-01,91.0373,7.8,577.2095,211.933,2.67778898658871,0.8164,0.0002,0.0361,-0.044,-0.026,-0.0586,-0.66,-0.1134,0.4105
2009-02-01,90.4502,8.3,574.111,212.705,3.10064899825306,0.9618,0.0,0.0,,,0.0,0.0,0.0,0.0
2009-03-01,89.016,8.7,576.9789,212.495,2.64046505088344,0.7751,-0.0569,-0.0054,-0.021,-0.0369,-0.1447,0.45,0.0038,0.3559
2009-04-01,88.3056,9.0,582.3342,212.709,2.16972251387436,0.9121,0.0268,0.0464,-0.013,-0.0426,0.0275,0.46,0.0519,0.5617
2009-05-01,87.4155,9.4,589.1257,213.022,1.28887325594081,0.9107,0.0,0.0,,,0.0,0.0,0.0,0.0
2009-06-01,87.0742,9.5,588.8435,214.79,0.860151528656501,1.0906,0.0554,0.06,0.155,-0.0474,0.1524,0.98,0.1207,0.17
2009-07-01,88.0323,9.5,591.7872,214.726,0.254772940757463,1.1102,0.0,0.0,,,0.0,0.0,0.0,0.0
2009-08-01,89.019,9.6,594.4163,215.445,0.0162975192171259,0.9684,-0.0051,0.0157,0.083,-0.0509,0.0677,0.55,0.0843,0.227
2009-09-01,89.6926,9.8,591.9888,215.861,-0.00684208621879856,0.9265,-0.0971,-0.0879,0.009,-0.0503,0.1513,-0.1,0.0693,0.2824
2009-10-01,89.9797,10.0,596.4222,216.509,-0.184128187284229,0.9053,0.0,0.0,,,0.0,0.0,0.0,0.0
2009-11-01,90.3375,9.9,602.7242,217.234,-0.0483670407484462,0.6443,-0.0121,0.0033,-0.09,-0.0468,0.0418,-0.08,0.0779,0.5955
2009-12-01,90.6132,9.9,604.2942,217.347,-0.546990560658618,1.1416,0.0159,0.0049,0.103,-0.0413,0.0543,0.21,0.1088,0.5785
2010-01-01,91.6642,9.8,602.9459,217.488,-0.221552230450047,0.82,0.0387,0.0739,-0.085,-0.0382,0.0099,0.17,0.0141,0.3912
2010-02-01,91.994,9.8,605.8001,217.281,-0.0239078492934461,0.8023,0.0,0.0,,,0.0,0.0,0.0,0.0
2010-03-01,92.5993,9.9,606.6502,217.353,-0.191288245989993,0.9996,-0.0296,-0.013,0.014,-0.0275,0.0522,0.02,-0.0084,0.315
2010-04-01,92.9436,9.9,609.7917,217.403,-0.31141488830802,0.9489,0.002,0.0045,-0.038,-0.0201,0.0809,-0.03,0.0268,0.4371
2010-05-01,94.2997,9.6,605.176,217.29,-0.181334204923278,0.7839,0.0,0.0,,,0.0,0.0,0.0,0.0
2010-06-01,94.4397,9.4,603.7608,217.199,-0.00148342789726063,0.6085,0.0164,0.0339,-0.069,-0.0063,-0.0573,-0.5,-0.0055,0.2389
2010-07-01,94.8536,9.4,608.3497,217.605,0.154425536919491,0.5048,0.0,0.0,,,0.0,0.0,0.0,0.0
2010-08-01,95.1448,9.5,612.0451,217.923,-0.328558432549405,0.4487,-0.0152,-0.0062,-0.076,-0.0018,-0.0003,-0.7,0.0474,-0.0346
2010-09-01,95.3637,9.5,618.8798,218.275,-0.0290763473053767,0.3917,-0.0013,-0.0246,0.044,-0.0005,0.0236,-0.59,0.0865,0.2209
2010-10-01,95.1109,9.4,619.4467,219.035,0.00354411532706633,0.2932,0.0,0.0,,,0.0,0.0,0.0,0.0
2010-11-01,95.1383,9.8,618.2002,219.59,-0.147123219524666,0.4523,0.0066,-0.0116,-0.1,0.0045,0.0584,-0.28,0.1226,0.2935
2010-12-01,96.0599,9.3,625.4463,220.472,-0.445436371268365,0.5956,0.006,-0.0131,-0.111,0.0053,0.1115,0.55,0.1573,0.3781
2011-01-01,95.9364,9.1,631.7977,221.187,-0.00703467078294473,0.5544,-0.0016,-0.0133,-0.042,0.0079,0.0898,0.66,0.0865,0.341
2011-02-01,95.5154,9.0,633.8205,221.898,-0.28822193019309,0.6618,0.0,0.0,,,0.0,0.0,0.0,0.0
2011-03-01,96.4643,9.0,635.4805,223.046,-0.335298939811576,0.7771,0.0165,-0.0007,0.017,0.0104,0.054,0.13,0.0693,0.2316
2011-04-01,96.1187,9.1,634.4952,224.093,-0.277728246659453,0.5807,-0.0017,-0.0297,0.031,0.0108,0.0486,0.08,0.1211,0.2415
2011-05-01,96.3377,9.0,633.5994,224.806,-0.143332403865787,0.4419,0.0,0.0,,,0.0,0.0,0.0,0.0
2011-06-01,96.6154,9.1,631.0464,224.806,-0.0179016053829399,0.481,0.0147,0.0254,-0.144,0.008,0.0127,-0.28,-0.0337,0.3772
2011-07-01,97.1292,9.0,631.7255,225.395,-0.0616442055902668,0.3378,0.0,0.0,,,0.0,0.0,0.0,0.0
2011-08-01,97.6731,9.0,629.9464,226.106,-0.112879075464399,0.1896,-0.0106,-0.0053,0.007,0.012,-0.1762,-0.79,-0.0574,0.414
2011-09-01,97.6494,9.0,622.1703,226.597,0.389421477199004,0.2853,0.0703,0.0634,-0.12,0.013,-0.0561,-1.02,-0.0244,0.5072
2011-10-01,98.3222,8.8,623.4862,226.75,-0.144877485885062,0.2454,0.0,0.0,,,0.0,0.0,0.0,0.0
2011-11-01,98.2433,8.6,619.4405,227.169,0.468236534201309,0.2476,0.024,0.0242,0.047,0.0147,-0.0548,-0.6,-0.086,0.2564
2011-12-01,98.7876,8.5,617.7965,227.223,0.233338495675862,0.2425,0.0182,0.0216,-0.005,0.0148,0.0688,0.09,-0.1085,0.3502
2012-01-01,99.3925,8.3,621.2606,227.842,0.15045042952771,0.1883,-0.0107,-0.041,0.05,0.0157,0.083,-0.09,-0.022,0.5502
2012-02-01,99.6203,8.3,622.1504,228.329,0.0267935456894288,0.2954,0.0,0.0,,,0.0,0.0,0.0,0.0
2012-03-01,99.1551,8.2,620.8952,228.807,-0.388764704428612,0.353,0.0222,-0.0177,0.017,0.0186,0.0857,-0.07,0.0467,0.5606
2012-04-01,99.9006,8.2,619.7299,229.187,-0.202155591583785,0.2669,0.0138,-0.0011,-0.09,0.0186,0.0421,-0.13,-0.0191,0.5895
2012-05-01,100.0924,8.2,615.7657,228.713,-0.139562816479952,0.2797,0.0,0.0,,,0.0,0.0,0.0,0.0
2012-06-01,100.0728,8.2,616.4535,228.524,0.122053464414702,0.3214,0.0293,0.0411,-0.089,0.0168,-0.0334,-0.73,-0.093,0.2341
2012-07-01,100.3354,8.2,617.5514,228.59,-0.0513698019985948,0.2125,0.0,0.0,,,0.0,0.0,0.0,0.0
2012-08-01,99.856,8.1,619.5833,229.918,-0.237755127403056,0.2111,0.0235,0.0073,-0.01,0.0162,-0.0173,-0.49,0.0102,0.3512
2012-09-01,99.9049,7.8,620.9214,231.015,-0.184790268579665,0.2207,0.0247,-0.0188,-0.039,0.0166,0.093,0.16,0.1664,0.4435
2012-10-01,100.1167,7.8,616.5754,231.638,-0.206126989309358,0.2792,0.0098,-0.012,-0.006,0.0162,0.0453,0.34,0.038,0.5231
2012-11-01,100.5991,7.7,618.0989,231.249,-0.0735138820090051,0.2385,0.0,0.0,,,0.0,0.0,0.0,0.0
2012-12-01,100.9542,7.9,618.223,231.221,-0.190747302422937,0.2485,0.0049,-0.0193,0.036,0.016,-0.003,-0.02,-0.035,0.7338
2013-01-01,100.8204,8.0,619.7503,231.679,-0.107942862958332,0.2619,0.0066,-0.0202,0.0,0.0162,0.0503,0.36,0.0015,0.7568
2013-02-01,101.3995,7.7,616.9046,232.937,-0.0468726534838976,0.2325,0.0,0.0,,,0.0,0.0,0.0,0.0
2013-03-01,101.8114,7.5,617.3328,232.282,-0.116754829777768,0.2398,0.0124,-0.0246,0.084,0.0151,0.0806,0.07,-0.0095,0.6482
2013-04-01,101.6364,7.6,617.0322,231.797,-0.14789499439505,0.2005,0.0,0.0,,,0.0,0.0,0.0,0.0
2013-05-01,101.7476,7.5,615.8969,231.893,-0.531918343254917,0.3179,0.0084,-0.0022,-0.097,0.0151,0.061,-0.31,-0.0402,0.5289
2013-06-01,101.9549,7.5,614.8725,232.445,-0.402192924803976,0.3866,0.0117,-0.0052,0.005,0.016,0.0567,0.3,-0.0635,0.719
2013-07-01,101.5204,7.3,614.8361,232.9,-0.027397514693606,0.3253,0.0067,-0.0028,0.03,0.0168,0.0635,0.94,-0.085,0.7715
2013-08-01,102.1907,7.2,615.9011,233.456,-0.133723230591269,0.4277,0.0,0.0,,,0.0,0.0,0.0,0.0
2013-09-01,102.717,7.2,614.7549,233.544,-0.152995750094642,0.3385,-0.003,-0.0173,-0.008,0.017,0.0469,0.7,-0.0212,0.6945
2013-10-01,102.5371,7.2,612.5252,233.669,-0.0363066220817387,0.3178,0.0096,-0.0191,-0.032,0.0169,0.0501,-0.1,0.0217,0.6275
2013-11-01,102.8379,6.9,613.8051,234.1,-0.00332094408376937,0.2899,0.0,0.0,,,0.0,0.0,0.0,0.0
2013-12-01,103.1504,6.7,612.3282,234.719,-0.159539249030817,0.3953,0.0126,-0.0253,0.023,0.0182,0.048,-0.07,-0.003,0.7862
2014-01-01,102.7216,6.6,612.6826,235.288,-0.328780997466632,0.3475,0.0092,0.0109,-0.122,0.0169,0.0261,0.23,0.0058,0.3963
2014-02-01,103.5917,6.7,617.074,235.547,-0.224921130963153,0.3393,0.0,0.0,,,0.0,0.0,0.0,0.0
2014-03-01,104.5889,6.7,620.1888,236.028,-0.302424311692308,0.4393,0.0262,-0.0009,0.03,0.0159,0.0493,-0.15,0.0643,0.2636
2014-04-01,104.6371,6.2,621.7304,236.468,-0.388163711262694,0.4245,0.0124,-0.0111,-0.003,0.0167,0.048,-0.03,0.0886,0.2106
2014-05-01,105.0152,6.3,621.058,236.918,-0.401929628250083,0.3852,0.0,0.0,,,0.0,0.0,0.0,0.0
2014-06-01,105.4081,6.1,620.7382,237.231,-0.333988172984305,0.4543,0.0175,0.0123,-0.003,0.0176,0.0533,-0.01,-0.0136,0.1446
2014-07-01,105.6157,6.2,619.1278,237.498,-0.353716269171635,0.5487,0.0034,-0.0003,0.073,0.0186,0.0556,-0.24,-0.0916,0.0927
2014-08-01,105.4986,6.1,618.1734,237.46,-0.34030648677868,0.5268,0.0,0.0,,,0.0,0.0,0.0,0.0
2014-09-01,105.8138,5.9,615.9983,237.477,-0.258584483619721,0.617,0.0255,0.0438,-0.078,0.0191,0.0319,-0.04,-0.0894,0.0965
2014-10-01,105.8357,5.7,612.8876,237.43,-0.252728766816889,0.5385,0.0337,0.0558,0.033,0.0199,0.0031,-0.17,-0.0753,-0.3273
2014-11-01,106.6634,5.8,611.9506,236.983,0.0180111188935798,0.4952,0.0,0.0,,,0.0,0.0,0.0,0.0
2014-12-01,106.5085,5.6,608.1648,236.252,0.0312397995992177,0.7064,-0.0518,-0.0284,0.096,0.0202,-0.0058,-0.54,-0.1133,-0.5048
2015-01-01,105.9806,5.7,604.6071,234.747,-0.108867808599813,0.4887,-0.0005,0.0343,0.009,0.0216,0.0518,-0.47,-0.1434,-0.5721
2015-02-01,105.4425,5.5,604.2443,235.342,-0.361964790722386,0.6618,0.0,0.0,,,0.0,0.0,0.0,0.0
2015-03-01,105.1464,5.4,602.823,235.976,-0.192619350472464,0.5825,-0.0635,-0.0438,0.055,0.0224,0.0235,-0.03,-0.09,-0.3141
2015-04-01,104.5272,5.4,604.2989,236.222,-0.0383085203533379,0.6061,0.0065,0.0263,-0.122,0.0211,0.0302,0.17,0.0359,-0.2426
2015-05-01,104.0742,5.6,605.1477,237.001,0.0160591914659056,0.6313,0.0,0.0,,,0.0,0.0,0.0,0.0
2015-06-01,103.7174,5.3,605.512,237.657,0.119516596234198,0.6633,-0.037,-0.0535,0.06,0.0215,0.0207,0.3,0.0504,0.1412
2015-07-01,104.3243,5.2,601.7059,238.034,0.174148227274628,0.6787,-0.0025,0.0306,-0.007,0.0204,-0.0116,0.23,-0.0909,-0.2409
2015-08-01,104.1621,5.1,600.7092,238.033,0.373795649816244,0.7697,0.0,0.0,,,0.0,0.0,0.0,0.0
2015-09-01,103.7768,5.0,599.9259,237.498,0.50748880810526,0.6531,-0.057,-0.0226,-0.042,0.0204,-0.0437,-0.07,-0.1079,-0.149
2015-10-01,103.3976,5.0,597.9265,237.733,0.398051772231407,0.7625,0.0538,0.0702,-0.058,0.0193,-0.0008,-0.19,-0.0437,-0.0622
2015-11-01,102.6866,5.1,595.1215,238.017,0.48059928507582,0.9629,0.0,0.0,,,0.0,0.0,0.0,0.0
2015-12-01,102.1014,5.0,592.6126,237.761,0.653877045801948,1.0755,0.0294,0.0471,0.011,0.0192,0.0452,-0.18,-0.0954,-0.1917
2016-01-01,102.9525,4.9,594.8714,237.652,0.891843570291951,0.8053,-0.022,0.0018,0.091,0.0192,-0.0588,-0.32,-0.1141,-0.2636
2016-02-01,102.2225,4.9,594.9679,237.336,0.918839257127353,0.7899,0.0,0.0,,,0.0,0.0,0.0,0.0
2016-03-01,101.4155,5.0,599.4635,238.08,0.548175182704661,0.7329,-0.0811,-0.0818,0.047,0.0181,-0.0156,-0.4,0.0476,-0.3014
2016-04-01,101.5167,5.0,603.4644,238.992,0.198702248164454,0.765,0.0188,0.0008,0.015,0.0193,0.0925,0.0,0.1487,-0.3341
2016-05-01,101.4298,4.8,602.1751,239.557,0.211208288590587,0.8824,0.0,0.0,,,0.0,0.0,0.0,0.0
2016-06-01,101.8747,4.9,602.2769,240.222,0.00617952660739584,0.5951,-0.0385,-0.0392,-0.117,0.0166,0.0259,-0.28,0.1433,-0.2643
2016-07-01,102.1325,4.8,601.1439,240.101,-0.0469745609409693,0.6636,0.0163,0.0027,0.107,0.0171,0.0364,-0.44,0.0071,-0.1374
2016-08-01,102.0407,4.9,599.8465,240.545,-0.0524533010326049,0.8135,0.0,0.0,,,0.0,0.0,0.0,0.0
2016-09-01,102.0477,5.0,599.7546,241.176,-0.119406487410506,0.7825,-0.0221,-0.0156,-0.038,0.0177,0.0326,-0.05,-0.0347,0.0774
2016-10-01,102.2485,4.9,600.0375,241.741,-0.0993075701017542,0.8705,0.0,0.0,,,0.0,0.0,0.0,0.0
2016-11-01,102.0507,4.7,604.2538,242.026,-0.812071250906332,1.1428,0.0123,0.0161,-0.018,0.0173,-0.0276,0.22,0.0504,0.0319
2016-12-01,102.9281,4.7,604.7561,242.637,-0.277205768852632,1.2018,0.0471,0.0302,0.001,0.0165,0.0509,0.57,0.0858,0.2783
2017-01-01,103.0366,4.7,606.9513,243.62,-0.219308990258787,1.1985,0.0,0.0,,,0.0,0.0,0.0,0.0
2017-02-01,102.6479,4.6,606.9837,243.872,-0.216960655802391,1.2367,-0.013,-0.0112,-0.019,0.0167,0.0631,0.45,0.0572,-0.0789
2017-03-01,103.343,4.4,606.6085,243.766,-0.203502558939441,1.2793,-0.0498,-0.0403,0.039,0.0164,0.0539,-0.12,-0.0236,-0.296
2017-04-01,104.2721,4.4,605.1006,244.274,-0.147858459710922,1.2783,0.0,0.0,,,0.0,0.0,0.0,0.0
2017-05-01,104.4129,4.4,607.3505,244.069,-0.198415576523127,1.284,0.0216,0.0495,-0.08,0.0159,0.0412,-0.46,-0.017,-0.5262
2017-06-01,104.5849,4.3,610.1731,244.218,-0.158448169263427,1.3946,0.0292,0.0404,-0.044,0.0166,0.0282,-0.61,-0.0122,-0.2824
2017-07-01,104.5427,4.3,609.0721,244.28,-0.179566415892154,1.3568,-0.0025,-0.0207,0.042,0.0162,0.0532,-0.38,-0.0076,0.1922
2017-08-01,104.0475,4.4,607.6816,245.205,-0.0933567103942949,1.3228,0.0,0.0,,,0.0,0.0,0.0,0.0
2017-09-01,104.0502,4.2,605.7533,246.551,-0.297272824896105,1.481,0.0585,0.0689,-0.027,0.0155,0.0298,0.05,0.0638,-0.3306
2017-10-01,105.6287,4.1,605.8235,246.657,-0.239639098273696,1.5965,0.0,0.0,,,0.0,0.0,0.0,0.0
2017-11-01,106.193,4.2,606.2459,247.378,-0.172593129395369,1.7902,0.0144,0.0298,-0.12,0.0147,0.0416,0.05,0.049,-0.1631
2017-12-01,106.536,4.1,606.9212,247.736,-0.239908188587847,1.8852,0.0017,0.0024,0.03,0.0151,0.0683,-0.08,0.0038,-0.1687
2018-01-01,106.2655,4.1,609.4563,248.721,-0.448750430489715,2.1441,0.017,0.0053,-0.042,0.0148,0.0987,0.06,0.0591,0.0838
2018-02-01,106.6419,4.1,609.5577,249.3,-0.286208665243714,2.2631,0.0,0.0,,,0.0,0.0,0.0,0.0
2018-03-01,107.2519,4.0,607.9659,249.517,-0.150565458683094,2.2717,0.0044,0.0009,0.108,0.0153,0.0201,-0.01,0.035,-0.2486
2018-04-01,108.2223,4.0,609.8299,250.275,-0.342031564591919,2.4854,0.0,0.0,,,0.0,0.0,0.0,0.0
2018-05-01,107.3639,3.8,610.0924,250.786,-0.251290727679229,2.4134,0.0027,0.0246,-0.075,0.0152,-0.0789,-0.17,0.0061,-0.0607
2018-06-01,108.1707,4.0,608.475,251.152,-0.0249188334918384,2.5207,0.0295,0.031,0.033,0.0161,0.0001,-0.07,0.0316,-0.138
2018-07-01,108.652,3.8,607.1038,251.345,-0.181688632772606,2.6634,0.0,0.0,,,0.0,0.0,0.0,0.0
2018-08-01,109.5246,3.8,601.9615,251.735,-0.132086934938504,2.6198,0.0053,0.0114,0.018,0.0155,0.0534,-0.19,-0.0457,-0.0884
2018-09-01,109.6749,3.7,602.8158,252.183,-0.226814128057742,2.801,0.0054,0.0148,0.009,0.0158,0.0567,-0.06,-0.0141,-0.2246
2018-10-01,109.9165,3.8,603.0998,252.899,-0.0331465656643061,2.8607,0.0,0.0,,,0.0,0.0,0.0,0.0
2018-11-01,110.5067,3.7,603.1118,252.822,0.104037358903087,2.7935,0.0176,0.0225,0.062,0.0159,-0.0157,-0.05,-0.008,-0.0965
2018-12-01,110.5516,3.9,601.4131,252.493,0.310179880577448,2.4859,0.0303,0.072,-0.043,0.0152,-0.1318,-0.45,-0.0329,-0.434
2019-01-01,110.1185,4.0,602.3036,252.441,0.149013292475397,2.4451,-0.0186,0.0011,0.136,0.0156,-0.0374,-0.49,-0.0329,-0.6531
2019-02-01,109.5631,3.8,602.3036,252.969,0.037812787126948,2.5049,0.0,0.0,,,0.0,0.0,0.0,0.0
2019-03-01,109.6811,3.8,605.5612,254.147,-0.163962768044636,2.2679,-0.026,0.0024,-0.16,0.0137,0.0662,-0.28,0.0461,-0.5239
2019-04-01,108.9888,3.6,604.5219,255.326,-0.0296384813528209,2.2562,0.0,0.0,,,0.0,0.0,0.0,0.0
2019-05-01,109.2264,3.6,603.0589,255.371,-0.0538299349174795,1.9556,-0.0363,-0.0288,0.021,0.014,0.1003,-0.22,0.0208,-0.4845
2019-06-01,109.2774,3.7,601.0948,255.423,-0.0181521293707511,1.7629,-0.0779,-0.0276,-0.105,0.0126,0.0332,-0.31,-0.0378,-0.7766
2019-07-01,109.0852,3.7,599.9334,255.925,-0.0723806424832009,1.8938,0.0533,0.0562,0.064,0.0123,0.0246,-0.1,-0.0168,-0.0839
2019-08-01,109.8543,3.7,595.8812,256.118,-0.201740781574091,1.5276,0.0,0.0,,,0.0,0.0,0.0,0.0
2019-09-01,109.4725,3.5,595.9896,256.532,-0.291446281820283,1.656,0.045,0.0629,-0.03,0.0123,0.0403,-0.02,0.0253,-0.3557
2019-10-01,109.027,3.6,596.4864,257.387,-0.279474271276654,1.5421,0.0298,0.0557,-0.009,0.0131,-0.0185,0.03,-0.0231,-0.2622
2019-11-01,110.0388,3.5,595.6977,257.989,-0.230412926947024,1.6416,0.0,0.0,,,0.0,0.0,0.0,0.0
2019-12-01,109.6527,3.5,599.5407,258.203,-0.331442472253766,1.5941,0.0059,0.0138,0.086,0.0139,0.0504,0.52,0.0144,-0.2328
2020-01-01,109.1845,3.6,600.1836,258.687,-0.298879818453832,1.3416,,,,,0.0,0.0,0.0,0.0
2020-02-01,109.2966,3.5,597.9164,258.824,-0.214183307442669,0.8823,,,,,0.0,0.0,0.0,0.0
